-0.012,-0.0035,nan,nan
-0.01,-0.0035,nan,nan
-0.008,-0.0035,nan,nan
-0.006,-0.0035,nan,nan
-0.004,-0.0035,nan,nan
-0.003,-0.0035,nan,nan
-0.002,-0.0035,nan,nan
-0.00175,-0.0035,nan,nan
-0.0015,-0.0035,-0.2057311527200133,-0.21049210079863215
-0.0013636363636363637,-0.0035,-0.14158850954922886,-0.1948937681819601
-0.0012272727272727272,-0.0035,-0.10256286998452875,-0.18361358694705038
-0.001090909090909091,-0.0035,-0.07670471167828896,-0.17550338469986845
-0.0009545454545454546,-0.0035,-0.05828588781328915,-0.1699533190665782
-0.0008181818181818182,-0.0035,-0.04457256649102822,-0.165984323722509
-0.0006818181818181819,-0.0035,-0.03391392241825228,-0.1631697724010668
-0.0005454545454545455,-0.0035,-0.025231345179559415,-0.16133716166017573
-0.0004090909090909091,-0.0035,-0.01793378874963534,-0.15992269790072686
-0.0002727272727272728,-0.0035,-0.011515751679013787,-0.1591026903862394
-0.0001363636363636363,-0.0035,-0.005624499282089113,-0.15866375665415006
0.0,-0.0035,-4.966940859852601e-09,-0.15840971201189571
0.0001363636363636363,-0.0035,0.005624489259516585,-0.15866376160548087
0.0002727272727272728,-0.0035,0.01151574135311748,-0.15910269961414225
0.0004090909090909091,-0.0035,0.017933777867421397,-0.15992270982906198
0.0005454545454545456,-0.0035,0.02523133342921894,-0.16133717461644387
0.0006818181818181819,-0.0035,0.033913909363675006,-0.163169785211535
0.0008181818181818182,-0.0035,0.044572551534367365,-0.16598433505309926
0.0009545454545454544,-0.0035,0.05828587004700544,-0.169953327501743
0.0010909090909090912,-0.0035,0.07670468973956988,-0.17550338836054205
0.0012272727272727275,-0.0035,0.10256284201140842,-0.18361358360628907
0.0013636363636363637,-0.0035,0.14158847324952437,-0.19489375735664138
0.0015,-0.0035,0.2057311053656894,-0.21049208444089648
0.002,-0.0035,nan,nan
0.003,-0.0035,nan,nan
-0.012,-0.003,nan,nan
-0.01,-0.003,nan,nan
-0.008,-0.003,nan,nan
-0.006,-0.003,nan,nan
-0.004,-0.003,nan,nan
-0.003,-0.003,nan,nan
-0.002,-0.003,nan,nan
-0.00175,-0.003,nan,nan
-0.0015,-0.003,-0.1663696621970616,-0.07501065505453063
-0.0013636363636363637,-0.003,-0.11222536004364157,-0.07115701220081593
-0.0012272727272727272,-0.003,-0.08106375137294067,-0.06753866824777731
-0.001090909090909091,-0.003,-0.06093983622797299,-0.06432249202554659
-0.0009545454545454546,-0.003,-0.04679296185297698,-0.061586143599321415
-0.0008181818181818182,-0.003,-0.03618248905630613,-0.05933583351358443
-0.0006818181818181819,-0.003,-0.02780146855321255,-0.057539767501972545
-0.0005454545454545455,-0.003,-0.020883801179573735,-0.05615186827974322
-0.0004090909090909091,-0.003,-0.014942006594963803,-0.05512569655814315
-0.0002727272727272728,-0.003,-0.009640340912470747,-0.05442196511304908
-0.0001363636363636363,-0.003,-0.004727943989530926,-0.0540115198714008
0.0,-0.003,-4.437335466697617e-09,-0.05387664797221185
0.0001363636363636363,-0.003,0.00472793501896512,-0.054011519657029106
0.0002727272727272728,-0.003,0.009640331647962113,-0.054421964591163
0.0004090909090909091,-0.003,0.014941996819331588,-0.055125695557888155
0.0005454545454545456,-0.003,0.02088379064222312,-0.056151866576763305
0.0006818181818181819,-0.003,0.0278014569527147,-0.05753976483984231
0.0008181818181818182,-0.003,0.036182476017377306,-0.05933582961596645
0.0009545454545454544,-0.003,0.0467929468941545,-0.06158613818008257
0.0010909090909090912,-0.003,0.06093981871171938,-0.06432248481298
0.0012272727272727275,-0.003,0.08106373041374033,-0.0675386590333005
0.0013636363636363637,-0.003,0.1122253343007323,-0.07115700090412189
0.0015,-0.003,0.16636962932371172,-0.07501064177986996
0.002,-0.003,nan,nan
0.003,-0.003,nan,nan
-0.012,-0.0025,nan,nan
-0.01,-0.0025,nan,nan
-0.008,-0.0025,nan,nan
-0.006,-0.0025,nan,nan
-0.004,-0.0025,nan,nan
-0.003,-0.0025,nan,nan
-0.002,-0.0025,nan,nan
-0.00175,-0.0025,nan,nan
-0.0015,-0.0025,-0.15476962458139987,-0.04145986687177025
-0.0013636363636363637,-0.0025,-0.1013844504260583,-0.04032422094276302
-0.0012272727272727272,-0.0025,-0.07140850974426316,-0.03912095992917359
-0.001090909090909091,-0.0025,-0.052625876026850135,-0.037923247375775834
-0.0009545454545454546,-0.0025,-0.03982454345358814,-0.0367900566984469
-0.0008181818181818182,-0.0025,-0.03048468809128471,-0.03576391700944553
-0.0006818181818181819,-0.0025,-0.02326771163256617,-0.03487280939358057
-0.0005454545454545455,-0.0025,-0.017404727118922648,-0.03413342831249183
-0.0004090909090909091,-0.0025,-0.012421300854737619,-0.03355459005285908
-0.0002727272727272728,-0.0025,-0.00800257300453975,-0.03314018858244908
-0.0001363636363636363,-0.0025,-0.003921934160740492,-0.0328914669726451
0.0,-0.0025,-3.554024275304078e-09,-0.03280857525460709
0.0001363636363636363,-0.0025,0.003921926991883618,-0.03289146643583634
0.0002727272727272728,-0.0025,0.008002565651141108,-0.03314018749317733
0.0004090909090909091,-0.0025,0.01242129318659068,-0.03355458838175233
0.0005454545454545456,-0.0025,0.017404718994598608,-0.034133426020151986
0.0006818181818181819,-0.0025,0.023267702893917643,-0.03487280643587623
0.0008181818181818182,-0.0025,0.030484678556775956,-0.03576391334457773
0.0009545454545454544,-0.0025,0.039824532910317754,-0.03679005229647394
0.0010909090909090912,-0.0025,0.0526258642235585,-0.03792324223185702
0.0012272727272727275,-0.0025,0.07140849640041967,-0.03912095408277558
0.0013636363636363637,-0.0025,0.10138443533296156,-0.04032421450825201
0.0015,-0.0025,0.15476960815703944,-0.04145986009726165
0.002,-0.0025,nan,nan
0.003,-0.0025,nan,nan
-0.012,-0.002,nan,nan
-0.01,-0.002,nan,nan
-0.008,-0.002,nan,nan
-0.006,-0.002,nan,nan
-0.004,-0.002,nan,nan
-0.003,-0.002,nan,nan
-0.002,-0.002,nan,nan
-0.00175,-0.002,nan,nan
-0.0015,-0.002,-0.15023775435598014,-0.029458060992966086
-0.0013636363636363637,-0.002,-0.09680467910194265,-0.0289634406484635
-0.0012272727272727272,-0.002,-0.06690957233897092,-0.028425592685340603
-0.001090909090909091,-0.002,-0.04837108856884547,-0.027859811985932143
-0.0009545454545454546,-0.002,-0.03594251159346581,-0.027294598747448714
-0.0008181818181818182,-0.002,-0.027065818129092777,-0.026756457691519506
-0.0006818181818181819,-0.002,-0.020370764230069133,-0.02626776368247304
-0.0005454545454545455,-0.002,-0.015064868522531314,-0.025846414786208596
-0.0004090909090909091,-0.002,-0.010657572311126358,-0.02550604298145769
-0.0002727272727272728,-0.002,-0.006824014493733347,-0.02525647539155092
-0.0001363636363636363,-0.002,-0.003332121907377949,-0.025104259101618787
0.0,-0.002,-2.62678706040451e-09,-0.025053118232792607
0.0001363636363636363,-0.002,0.003332116622524594,-0.02510425869208814
0.0002727272727272728,-0.002,0.006824009114552491,-0.02525647457150374
0.0004090909090909091,-0.002,0.010657566773031512,-0.02550604174963255
0.0005454545454545456,-0.002,0.015064862758074001,-0.02584641314247913
0.0006818181818181819,-0.002,0.020370758166853475,-0.026267761629925675
0.0008181818181818182,-0.002,0.02706581168564907,-0.026756455239112673
0.0009545454545454544,-0.002,0.03594250466943425,-0.0272945959129977
0.0010909090909090912,-0.002,0.04837108101804526,-0.027859808798672517
0.0012272727272727275,-0.002,0.0669095638849456,-0.028425589185776434
0.0013636363636363637,-0.002,0.0968046690314897,-0.02896343687770158
0.0015,-0.002,0.1502377402067612,-0.029458056940711665
0.002,-0.002,nan,nan
0.003,-0.002,nan,nan
-0.012,-0.0015,nan,nan
-0.01,-0.0015,nan,nan
-0.008,-0.0015,nan,nan
-0.006,-0.0015,nan,nan
-0.004,-0.0015,nan,nan
-0.003,-0.0015,nan,nan
-0.002,-0.0015,nan,nan
-0.00175,-0.0015,nan,nan
-0.0015,-0.0015,-0.14700593688820277,-0.025572693377408893
-0.0013636363636363637,-0.0015,-0.09324685717829122,-0.0250896928060498
-0.0012272727272727272,-0.0015,-0.0632997551931462,-0.024543810809568155
-0.001090909090909091,-0.0015,-0.044882537269300034,-0.02397154536030173
-0.0009545454545454546,-0.0015,-0.03270528380247484,-0.023406440611477973
-0.0008181818181818182,-0.0015,-0.02417557063517484,-0.022875809849440466
-0.0006818181818181819,-0.0015,-0.017894464523199392,-0.022400508926940024
-0.0005454545454545455,-0.0015,-0.013047038223626857,-0.02199571701911986
-0.0004090909090909091,-0.0015,-0.009126265197315199,-0.02167202942534583
-0.0002727272727272728,-0.0015,-0.005795852988100119,-0.021436520578660554
-0.0001363636363636363,-0.0015,-0.002816101646304229,-0.021293617916470567
0.0,-0.0015,-1.8091095982238232e-09,-0.021245729692255726
0.0001363636363636363,-0.0015,0.0028160980181732857,-0.021293617639028553
0.0002727272727272728,-0.0015,0.005795849331394764,-0.021436520025951103
0.0004090909090909091,-0.0015,0.009126261497318572,-0.02167202860219231
0.0005454545454545456,-0.0015,0.013047034473981062,-0.021995715933991314
0.0006818181818181819,-0.0015,0.017894460733995834,-0.022400507593578076
0.0008181818181818182,-0.0015,0.024175566849013792,-0.022875808289332854
0.0009545454545454544,-0.0015,0.0327052801284653,-0.023406438857604007
0.0010909090909090912,-0.0015,0.04488253396034126,-0.023971543463048844
0.0012272727272727275,-0.0015,0.06329975283745067,-0.02454380884686885
0.0013636363636363637,-0.0015,0.09324685722678171,-0.025089690902847545
0.0015,-0.0015,0.14700594330260822,-0.02557269174828119
0.002,-0.0015,nan,nan
0.003,-0.0015,nan,nan
-0.012,-0.001,nan,nan
-0.01,-0.001,nan,nan
-0.008,-0.001,nan,nan
-0.006,-0.001,nan,nan
-0.004,-0.001,nan,nan
-0.003,-0.001,nan,nan
-0.002,-0.001,nan,nan
-0.00175,-0.001,nan,nan
-0.0015,-0.001,-0.14000619346713034,-0.028216006377061634
-0.0013636363636363637,-0.001,-0.08630775460619672,-0.026697504329992964
-0.0012272727272727272,-0.001,-0.05684983227440002,-0.025193467376420666
-0.001090909090909091,-0.001,-0.03915412901982215,-0.02380597499394005
-0.0009545454545454546,-0.001,-0.027786967171206704,-0.022588476590597897
-0.0008181818181818182,-0.001,-0.020073201352581203,-0.021558645728048467
-0.0006818181818181819,-0.001,-0.014574558987525063,-0.02071472962540341
-0.0005454545454545455,-0.001,-0.010462946640280283,-0.020046614248342243
-0.0004090909090909091,-0.001,-0.007232436045774752,-0.019542124462726372
-0.0002727272727272728,-0.001,-0.004554949678410686,-0.019190236207114443
-0.0001363636363636363,-0.001,-0.002202228846324764,-0.01898255278944028
0.0,-0.001,-1.1678621609989034e-09,-0.01891390435541357
0.0001363636363636363,-0.001,0.0022022265111035443,-0.018982552598870453
0.0002727272727272728,-0.001,0.004554947345718821,-0.0191902358271266
0.0004090909090909091,-0.001,0.00723243372090431,-0.01954212389582217
0.0005454545454545456,-0.001,0.010462944334676257,-0.020046613498797435
0.0006818181818181819,-0.001,0.014574556722776487,-0.02071472869997209
0.0008181818181818182,-0.001,0.02007319916585772,-0.021558644637017562
0.0009545454545454544,-0.001,0.027786965121594134,-0.02258847534921441
0.0010909090909090912,-0.001,0.03915412719122328,-0.023805973623955902
0.0012272727272727275,-0.001,0.05684983075616602,-0.025193465906456426
0.0013636363636363637,-0.001,0.08630775337739605,-0.026697502790023447
0.0015,-0.001,0.1400061918873933,-0.028216004771758105
0.002,-0.001,nan,nan
0.003,-0.001,nan,nan
-0.012,-0.0005,nan,nan
-0.01,-0.0005,nan,nan
-0.008,-0.0005,nan,nan
-0.006,-0.0005,nan,nan
-0.004,-0.0005,nan,nan
-0.003,-0.0005,nan,nan
-0.002,-0.0005,nan,nan
-0.00175,-0.0005,nan,nan
-0.0015,-0.0005,-0.11164095270215067,-0.04398766049122217
-0.0013636363636363637,-0.0005,-0.06478189096889554,-0.0358615386254131
-0.0012272727272727272,-0.0005,-0.04087209118513345,-0.030127031261264137
-0.001090909090909091,-0.0005,-0.027339553242991272,-0.02608090810680942
-0.0009545454545454546,-0.0005,-0.019029311955319896,-0.023196315204883567
-0.0008181818181818182,-0.0005,-0.013571110064625348,-0.02111696974281072
-0.0006818181818181819,-0.0005,-0.009769733141291434,-0.019609479384976158
-0.0005454545454545455,-0.0005,-0.006973718926744374,-0.01852184067563713
-0.0004090909090909091,-0.0005,-0.004802362475114368,-0.017755154630129482
-0.0002727272727272728,-0.0005,-0.003017253449054307,-0.017245758132100105
-0.0001363636363636363,-0.0005,-0.001456835994163465,-0.016954315338497623
0.0,-0.0005,-7.090586865054501e-10,-0.016859430245957922
0.0001363636363636363,-0.0005,0.0014568345793465256,-0.016954315203386167
0.0002727272727272728,-0.0005,0.0030172520444556403,-0.017245757860458594
0.0004090909090909091,-0.0005,0.00480236108860837,-0.01775515421875817
0.0005454545454545456,-0.0005,0.006973717567818172,-0.018521840118725447
0.0006818181818181819,-0.0005,0.009769731821740726,-0.019609478672563768
0.0008181818181818182,-0.0005,0.01357110879943365,-0.021116968858092746
0.0009545454545454544,-0.0005,0.01902931076449308,-0.023196314119626183
0.0010909090909090912,-0.0005,0.027339552157983168,-0.026080906773909077
0.0012272727272727275,-0.0005,0.04087209027639034,-0.030127029604338187
0.0013636363636363637,-0.0005,0.06478189047214006,-0.03586153653284394
0.0015,-0.0005,0.11164095364309798,-0.04398765786516524
0.002,-0.0005,nan,nan
0.003,-0.0005,nan,nan
-0.012,0.0,nan,nan
-0.01,0.0,nan,nan
-0.008,0.0,nan,nan
-0.006,0.0,nan,nan
-0.004,0.0,nan,nan
-0.003,0.0,nan,nan
-0.002,0.0,nan,nan
-0.00175,0.0,nan,nan
-0.0015,0.0,-0.04138515952469801,-0.05437381355653577
-0.0013636363636363637,0.0,-0.026233131339994314,-0.03860926374163566
-0.0012272727272727272,0.0,-0.017790145758367782,-0.029829144302124393
-0.001090909090909091,0.0,-0.012594863325531006,-0.024496973141798287
-0.0009545454545454546,0.0,-0.009160299187853034,-0.021054982719857406
-0.0008181818181818182,0.0,-0.006756818765992325,-0.018737661923405157
-0.0006818181818181819,0.0,-0.004990185911509486,-0.01713679150064911
-0.0005454545454545455,0.0,-0.0036305263594488815,-0.016021021218697026
-0.0004090909090909091,0.0,-0.0025346191910828398,-0.015253657892724976
-0.0002727272727272728,0.0,-0.001607218278467149,-0.014752412021450695
-0.0001363636363636363,0.0,-0.0007801555390161856,-0.014468691464794646
0.0,0.0,-4.0564471716414563e-10,-0.014376798875730274
0.0001363636363636363,0.0,0.0007801547308757178,-0.014468691377366798
0.0002727272727272728,0.0,0.0016072174796761748,-0.014752411844421269
0.0004090909090909091,0.0,0.0025346184074426605,-0.015253657621139304
0.0005454545454545456,0.0,0.0036305255956715875,-0.01602102084337773
0.0006818181818181819,0.0,0.004990185169601976,-0.017136791005336185
0.0008181818181818182,0.0,0.006756818041526602,-0.0187376612791816
0.0009545454545454544,0.0,0.009160298461322464,-0.021054981873937305
0.0010909090909090912,0.0,0.012594862541882879,-0.024496971993696784
0.0012272727272727275,0.0,0.017790144776932373,-0.02982914264916127
0.0013636363636363637,0.0,0.026233129807480327,-0.0386092611424268
0.0015,0.0,0.04138515654655402,-0.054373808950120645
0.002,0.0,nan,nan
0.003,0.0,nan,nan
-0.012,0.0005,-2.6740120152182777e-05,-0.15050378138269604
-0.01,0.0005,-5.455651513919799e-05,-0.1505328277560612
-0.008,0.0005,-0.00013106246185318475,-0.1504448941796614
-0.006,0.0005,-0.00041416070823142474,-0.15044637986313772
-0.004,0.0005,-0.0023548809996134542,-0.14936005379979927
-0.003,0.0005,-0.009919372720858029,-0.1426634132585793
-0.002,0.0005,-0.03888573269721591,-0.05171356119960392
-0.00175,0.0005,-0.025001300430292347,-0.03424231257113335
-0.0015,0.0005,-0.013639824961630378,-0.02463099262723238
-0.0013636363636363637,0.0005,-0.0098228078561813,-0.0211505332104904
-0.0012272727272727272,0.0005,-0.00719540936546766,-0.018523054612470474
-0.001090909090909091,0.0005,-0.0053608906474888595,-0.016542085651452102
-0.0009545454545454546,0.0005,-0.004042715116829876,-0.015048946142160395
-0.0008181818181818182,0.0005,-0.003062800495105996,-0.013924606024014722
-0.0006818181818181819,0.0005,-0.0023078484785624058,-0.01308214778651257
-0.0005454545454545455,0.0005,-0.0017043540645173762,-0.012459411594460538
-0.0004090909090909091,0.0005,-0.0012028476553705562,-0.012012794244551945
-0.0002727272727272728,0.0005,-0.0007683562843850374,-0.011712555606199333
-0.0001363636363636363,0.0005,-0.0003745560594798059,-0.0115395304981569
0.0,0.0005,-2.2381246646076024e-10,-0.011483004007186085
0.0001363636363636363,0.0005,0.00037455561353713336,-0.011539530454815095
0.0002727272727272728,0.0005,0.0007683558432513992,-0.01171255551875712
0.0004090909090909091,0.0005,0.0012028472213872774,-0.012012794111289945
0.0005454545454545456,0.0005,0.0017043536384555795,-0.01245941141225107
0.0006818181818181819,0.0005,0.0023078480583738027,-0.013082147550031006
0.0008181818181818182,0.0005,0.0030628000738601837,-0.013924605724442986
0.0009545454545454544,0.0005,0.004042714679284678,-0.015048945765113448
0.0010909090909090912,0.0005,0.005360890164388856,-0.016542085173687413
0.0012272727272727275,0.0005,0.0071954087840201035,-0.018523053996561203
0.0013636363636363637,0.0005,0.009822807083830432,-0.021150532395482913
0.0015,0.0005,0.013639823837751372,-0.024630991509286472
0.002,0.0005,0.03888572703621212,-0.05171355533805115
0.003,0.0005,0.009919371515405251,-0.14266341907118127
-0.012,0.0007333333333333333,-2.6594050416205336e-05,-0.07528472991029998
-0.01,0.0007333333333333333,-5.4165382560614135e-05,-0.07527788723309702
-0.008,0.0007333333333333333,-0.00012955973907776487,-0.07525032766433988
-0.006,0.0007333333333333333,-0.00040494646697800444,-0.07513264861721908
-0.004,0.0007333333333333333,-0.0021767764573906168,-0.07390770692794098
-0.003,0.0007333333333333333,-0.0077375096090034345,-0.06725246586347898
-0.002,0.0007333333333333333,-0.017889508617405035,-0.028333074697743148
-0.00175,0.0007333333333333333,-0.013328674336271242,-0.02134386488277409
-0.0015,0.0007333333333333333,-0.008521288164844437,-0.017219833496742804
-0.0013636363636363637,0.0007333333333333333,-0.006510050452550902,-0.015613405763467468
-0.0012272727272727272,0.0007333333333333333,-0.004957834635397807,-0.014313285763768328
-0.001090909090909091,0.0007333333333333333,-0.0037819883676807734,-0.013260888334098535
-0.0009545454545454546,0.0007333333333333333,-0.002890538780805409,-0.012414536531513053
-0.0008181818181818182,0.0007333333333333333,-0.002205611292331148,-0.011740985574817493
-0.0006818181818181819,0.0007333333333333333,-0.0016678075783314434,-0.011212968786435368
-0.0005454545454545455,0.0007333333333333333,-0.0012335599614996136,-0.010808501231439718
-0.0004090909090909091,0.0007333333333333333,-0.000871024490101992,-0.010510469554909866
-0.0002727272727272728,0.0007333333333333333,-0.0005564246690344446,-0.010306194507227159
-0.0001363636363636363,0.0007333333333333333,-0.000271224155928125,-0.010186992311606698
0.0,0.0007333333333333333,-1.6963685115115042e-10,-0.010147810584614732
0.0001363636363636363,0.0007333333333333333,0.00027122381759204855,-0.01018699228431615
0.0002727272727272728,0.0007333333333333333,0.0005564243332734076,-0.01030619445238981
0.0004090909090909091,0.0007333333333333333,0.0008710241577915569,-0.010510469471912549
0.0005454545454545456,0.0007333333333333333,0.0012335596320764695,-0.010808501119092222
0.0006818181818181819,0.0007333333333333333,0.00166780724883438,-0.01121296864258889
0.0008181818181818182,0.0007333333333333333,0.002205610955990742,-0.011740985395744584
0.0009545454545454544,0.0007333333333333333,0.002890538424957623,-0.012414536310909169
0.0010909090909090912,0.0007333333333333333,0.003781987970725476,-0.013260888061440138
0.0012272727272727275,0.0007333333333333333,0.004957834162526421,-0.014313285421501402
0.0013636363636363637,0.0007333333333333333,0.006510049850250415,-0.01561340532202114
0.0015,0.0007333333333333333,0.008521287355413812,-0.01721983290579974
0.002,0.0007333333333333333,0.017889506278695563,-0.028333072547862603
0.003,0.0007333333333333333,0.007737508553406278,-0.06725246668360987
-0.012,0.0009666666666666667,-2.640217220023276e-05,-0.04497146994865236
-0.01,0.0009666666666666667,-5.361588807249751e-05,-0.044962304662123406
-0.008,0.0009666666666666667,-0.00012745368946408915,-0.04493127019683036
-0.006,0.0009666666666666667,-0.00039169440298034847,-0.044788802055121424
-0.004,0.0009666666666666667,-0.0019536111165249616,-0.04344201967944451
-0.003,0.0009666666666666667,-0.00579306683671126,-0.037822793287644194
-0.002,0.0009666666666666667,-0.009712666016434826,-0.018399541481108953
-0.00175,0.0009666666666666667,-0.007764696433505043,-0.014990738910335496
-0.0015,0.0009666666666666667,-0.005478575476523592,-0.012850876127003275
-0.0013636363636363637,0.0009666666666666667,-0.004385260174989299,-0.012009775830025179
-0.0012272727272727272,0.0009666666666666667,-0.0034643610633838524,-0.01132000691346468
-0.001090909090909091,0.0009666666666666667,-0.0027136421966550608,-0.010748136828868264
-0.0009545454545454546,0.0009666666666666667,-0.002111109902346757,-0.010273943259561383
-0.0008181818181818182,0.0009666666666666667,-0.0016286698923973107,-0.00988415307950046
-0.0006818181818181819,0.0009666666666666667,-0.0012392300117996524,-0.009569101803157483
-0.0005454545454545455,0.0009666666666666667,-0.0009194258827770629,-0.009321247046984471
-0.0004090909090909091,0.0009666666666666667,-0.000650033135704567,-0.009134604442173549
-0.0002727272727272728,0.0009666666666666667,-0.0004153844663392016,-0.00900456642713024
-0.0001363636363636363,0.0009666666666666667,-0.00020246916923856445,-0.008927853267575605
0.0,0.0009666666666666667,-1.294041615217052e-10,-0.008902500322755913
0.0001363636363636363,0.0009666666666666667,0.00020246891076630837,-0.008927853252503462
0.0002727272727272728,0.0009666666666666667,0.0004153842086690729,-0.009004566396970906
0.0004090909090909091,0.0009666666666666667,0.0006500328786577271,-0.00913460439683412
0.0005454545454545456,0.0009666666666666667,0.0009194256250105114,-0.009321246986156367
0.0006818181818181819,0.0009666666666666667,0.0012392297501507149,-0.00956910172607665
0.0008181818181818182,0.0009666666666666667,0.0016286696210392516,-0.00988415298455664
0.0009545454545454544,0.0009666666666666667,0.002111109611721988,-0.010273943143676908
0.0010909090909090912,0.0009666666666666667,0.0027136418722135797,-0.010748136686525684
0.0012272727272727275,0.0009666666666666667,0.003464360684308035,-0.011320006735228857
0.0013636363636363637,0.0009666666666666667,0.004385259713413083,-0.012009775600455167
0.0015,0.0009666666666666667,0.005478574898327972,-0.012850875822183987
0.002,0.0009666666666666667,0.009712664800205618,-0.01839954058404866
0.003,0.0009666666666666667,0.00579306600833849,-0.03782279328233857
-0.012,0.0012000000000000001,-2.6155891974763097e-05,-0.02983695377448261
-0.01,0.0012000000000000001,-5.290232473555375e-05,-0.02982636956316144
-0.008,0.0012000000000000001,-0.0001247172222267964,-0.029790933873407584
-0.006,0.0012000000000000001,-0.00037499850371205257,-0.02963074573597864
-0.004,0.0012000000000000001,-0.0017114858962322544,-0.028264399719487243
-0.003,0.0012000000000000001,-0.0042775619557793255,-0.023849432042729508
-0.002,0.0012000000000000001,-0.005835609465747118,-0.013168210394729601
-0.00175,0.0012000000000000001,-0.004845942263837254,-0.011311329168837056
-0.0015,0.0012000000000000001,-0.003637940861672382,-0.010080319965652066
-0.0013636363636363637,0.0012000000000000001,-0.0030130255880327314,-0.009593038597859033
-0.0012272727272727272,0.0012000000000000001,-0.0024536228143980142,-0.009195642029238567
-0.001090909090909091,0.0012000000000000001,-0.001970715543369234,-0.008867189426536887
-0.0009545454545454546,0.0012000000000000001,-0.0015632236626931832,-0.008594056263439034
-0.0008181818181818182,0.0012000000000000001,-0.001223237442410056,-0.008367645771132583
-0.0006818181818181819,0.0012000000000000001,-0.0009399036547597126,-0.008182477789164247
-0.0005454545454545455,0.0012000000000000001,-0.0007017943090010078,-0.008034919946625061
-0.0004090909090909091,0.0012000000000000001,-0.0004980871573237085,-0.007922458157824223
-0.0002727272727272728,0.0012000000000000001,-0.00031897555368414556,-0.007843321571623254
-0.0001363636363636363,0.0012000000000000001,-0.00015564044021553424,-0.007796308692402161
0.0,0.0012000000000000001,-9.961952991049311e-11,-0.007780715306031942
0.0001363636363636363,0.0012000000000000001,0.00015564024090385664,-0.00779630868597492
0.0002727272727272728,0.0012000000000000001,0.0003189753539972014,-0.007843321558818929
0.0004090909090909091,0.0012000000000000001,0.0004980869564760535,-0.007922458138695387
0.0005454545454545456,0.0012000000000000001,0.0007017941053696047,-0.008034919921124085
0.0006818181818181819,0.0012000000000000001,0.0009399034454869022,-0.008182477756970855
0.0008181818181818182,0.0012000000000000001,0.0012232372229659936,-0.008367645731389149
0.0009545454545454544,0.0012000000000000001,0.0015632234264284517,-0.008594056214366931
0.0010909090909090912,0.0012000000000000001,0.001970715281139542,-0.008867189364912645
0.0012272727272727275,0.0012000000000000001,0.0024536225144254427,-0.009195641949743556
0.0013636363636363637,0.0012000000000000001,0.0030130252362759887,-0.009593038492408366
0.0015,0.0012000000000000001,0.003637940443069915,-0.010080319822993348
0.002,0.0012000000000000001,0.005835608735555854,-0.013168210003947068
0.003,0.0012000000000000001,0.0042775613258591565,-0.023849431950939987
-0.012,0.0014333333333333333,-2.58569127756438e-05,-0.021215357389604398
-0.01,0.0014333333333333333,-5.203322223744508e-05,-0.02120349867925716
-0.008,0.0014333333333333333,-0.00012140917737989955,-0.021164271926879683
-0.006,0.0014333333333333333,-0.00035558542193507423,-0.02099148043225406
-0.004,0.0014333333333333333,-0.0014723310134894898,-0.019680334527284363
-0.003,0.0014333333333333333,-0.003161747184392185,-0.016324114373323685
-0.002,0.0014333333333333333,-0.0037538624580561743,-0.010029389543512509
-0.00175,0.0014333333333333333,-0.0031882717010885764,-0.008940554926997812
-0.0015,0.0014333333333333333,-0.0024925228588756777,-0.008187851605464105
-0.0013636363636363637,0.0014333333333333333,-0.002115821933644925,-0.007886535827981338
-0.0012272727272727272,0.0014333333333333333,-0.0017644875794471785,-0.007642293920868879
-0.001090909090909091,0.0014333333333333333,-0.0014481124276093677,-0.007442681027188084
-0.0009545454545454546,0.0014333333333333333,-0.0011701518298875408,-0.007278558141517394
-0.0008181818181818182,0.0014333333333333333,-0.0009296313397612143,-0.007143641048181978
-0.0006818181818181819,0.0014333333333333333,-0.0007228095009855618,-0.007033792560612095
-0.0005454545454545455,0.0014333333333333333,-0.0005444818664105346,-0.006946357432140663
-0.0004090909090909091,0.0014333333333333333,-0.0003888539760698353,-0.0068796532860395596
-0.0002727272727272728,0.0014333333333333333,-0.00025003956000236834,-0.0068326261668797735
-0.0001363636363636363,0.0014333333333333333,-0.00012228279752583103,-0.006804637707788156
0.0,0.0014333333333333333,-7.748035861386831e-11,-0.00679534440034176
0.0001363636363636363,0.0014333333333333333,0.0001222826422614424,-0.006804637707092383
0.0002727272727272728,0.0014333333333333333,0.00025003940371882093,-0.006832626165524436
0.0004090909090909091,0.0014333333333333333,0.0003888538177256238,-0.006879653284060967
0.0005454545454545456,0.0014333333333333333,0.0005444817044178529,-0.0069463574294997745
0.0006818181818181819,0.0014333333333333333,0.0007228093329922354,-0.007033792557075476
0.0008181818181818182,0.0014333333333333333,0.0009296311624505666,-0.007143641043153968
0.0009545454545454544,0.0014333333333333333,0.0011701516388287344,-0.007278558133823644
0.0010909090909090912,0.0014333333333333333,0.001448112217213434,-0.007442681014823537
0.0012272727272727275,0.0014333333333333333,0.001764487343108606,-0.007642293900750784
0.0013636363636363637,0.0014333333333333333,0.0021158216641640926,-0.007886535795790786
0.0015,0.0014333333333333333,0.002492522549241793,-0.008187851555715669
0.002,0.0014333333333333333,0.003753861976893346,-0.010029389384380872
0.003,0.0014333333333333333,0.0031617467062616035,-0.016324114321559852
-0.012,0.0016666666666666666,-2.550759444509026e-05,-0.015843929452047236
-0.01,0.0016666666666666666,-5.101938600428249e-05,-0.015830935686075943
-0.008,0.0016666666666666666,-0.00011760006739248744,-0.01578858753837104
-0.006,0.0016666666666666666,-0.00033422118287048687,-0.015608084989530882
-0.004,0.0016666666666666666,-0.0012503474101482179,-0.014397901299035464
-0.003,0.0016666666666666666,-0.0023560950111339487,-0.011880905220538869
-0.002,0.0016666666666666666,-0.002536830211465597,-0.007971613231519138
-0.00175,0.0016666666666666666,-0.0021857976861003317,-0.007298131958943456
-0.0015,0.0016666666666666666,-0.0017567595719714195,-0.006818148019413973
-0.0013636363636363637,0.0016666666666666666,-0.0015182829240083433,-0.006623651432172569
-0.0012272727272727272,0.0016666666666666666,-0.0012896500670876887,-0.006466442269659464
-0.001090909090909091,0.0016666666666666666,-0.001077355943886182,-0.00633929007019147
-0.0009545454545454546,0.0016666666666666666,-0.0008848765345666192,-0.006236298047348155
-0.0008181818181818182,0.0016666666666666666,-0.0007131576689067477,-0.006152991666278249
-0.0006818181818181819,0.0016666666666666666,-0.0005612513224950851,-0.006086160199373167
-0.0005454545454545455,0.0016666666666666666,-0.00042692789186329634,-0.006033600473852793
-0.0004090909090909091,0.0016666666666666666,-0.0003071735563568158,-0.005993857114331872
-0.0002727272727272728,0.0016666666666666666,-0.00019854556819271776,-0.005966005063200485
-0.0001363636363636363,0.0016666666666666666,-9.739696660073898e-05,-0.005949488388976137
0.0,0.0016666666666666666,-6.087865119141244e-11,-0.005944013338344283
0.0001363636363636363,0.0016666666666666666,9.739684443961906e-05,-0.005949488391842574
0.0002727272727272728,0.0016666666666666666,0.0001985454447519602,-0.005966005068936015
0.0004090909090909091,0.0016666666666666666,0.00030717343055819386,-0.005993857122916667
0.0005454545454545456,0.0016666666666666666,0.0004269277622992659,-0.006033600485193665
0.0006818181818181819,0.0016666666666666666,0.0005612511873178059,-0.006086160213228172
0.0008181818181818182,0.0016666666666666666,0.0007131575257466884,-0.006152991682158359
0.0009545454545454544,0.0016666666666666666,0.0008848763805013429,-0.006236298064404605
0.0010909090909090912,0.0016666666666666666,0.0010773557754861062,-0.00633929008710401
0.0012272727272727275,0.0016666666666666666,0.0012896498805690232,-0.006466442284554767
0.0013636363636363637,0.0016666666666666666,0.0015182827155178927,-0.006623651442615509
0.0015,0.0016666666666666666,0.0017567593380084711,-0.006818148022525554
0.002,0.0016666666666666666,0.0025368298738317474,-0.00797161318651702
0.003,0.0016666666666666666,0.0023560946446389563,-0.011880905214465538
-0.012,0.0019,-2.5110739536611235e-05,-0.012273301450199978
-0.01,0.0019,-4.987333304042621e-05,-0.012259318793990188
-0.008,0.0019,-0.00011336746023924926,-0.012214527789297025
-0.006,0.0019,-0.00031165154995008664,-0.012030782883102656
-0.004,0.0019,-0.0010527965615698628,-0.010944166647600631
-0.003,0.0019,-0.0017754021195348006,-0.009063009173288814
-0.002,0.0019,-0.0017799913691876731,-0.00653325482463845
-0.00175,0.0019,-0.00154866228610151,-0.0060993216007364974
-0.0015,0.0019,-0.0012693885939476465,-0.005783195615852096
-0.0013636363636363637,0.0019,-0.0011118141333924844,-0.005653655217003551
-0.0012272727272727272,0.0019,-0.0009578896016588759,-0.00554895569934982
-0.001090909090909091,0.0019,-0.0008117293965589059,-0.00546486477894286
-0.0009545454545454546,0.0019,-0.0006759388833633411,-0.005397634837775969
-0.0008181818181818182,0.0019,-0.0005517205664430742,-0.005344175942008564
-0.0006818181818181819,0.0019,-0.0004390981102530188,-0.005302081427020291
-0.0005454545454545455,0.0019,-0.0003371828330097667,-0.005269564562407594
-0.0004090909090909091,0.0019,-0.0002444291105854375,-0.005245355775328153
-0.0002727272727272728,0.0019,-0.00015884943279967568,-0.005228594602271758
-0.0001363636363636363,0.0019,-7.817984448321929e-05,-0.005218736173069363
0.0,0.0019,-4.829124681478317e-11,-0.005215481671349659
0.0001363636363636363,0.0019,7.817974747836138e-05,-0.005218736177980623
0.0002727272727272728,0.0019,0.00015884933448777146,-0.005228594612068504
0.0004090909090909091,0.0019,0.00024442900996465687,-0.005245355789942802
0.0005454545454545456,0.0019,0.00033718272889255916,-0.005269564581699412
0.0006818181818181819,0.0019,0.0004390980012133554,-0.005302081450731002
0.0008181818181818182,0.0019,0.0005517204507884411,-0.005344175969708709
0.0009545454545454544,0.0019,0.0006759387591421149,-0.005397634868809587
0.0010909090909090912,0.0019,0.0008117292616144104,-0.005464864812381212
0.0012272727272727275,0.0019,0.000957889453739252,-0.0055489557339704785
0.0013636363636363637,0.0019,0.001111813970319708,-0.005653655251313634
0.0015,0.0019,0.0012693884138378273,-0.005783195648174758
0.002,0.0019,0.0017799911215857266,-0.006533254837628247
0.003,0.0019,0.0017754018347352774,-0.009063009199001004
-0.012,0.0021333333333333334,-2.4669534386450344e-05,-0.009780205971221468
-0.01,0.0021333333333333334,-4.860891913142777e-05,-0.009765384445995175
-0.008,0.0021333333333333334,-0.00010879255090772317,-0.009718817249540743
-0.006,0.0021333333333333334,-0.0002885564692201099,-0.009535715279597273
-0.004,0.0021333333333333334,-0.0008819361534139416,-0.008579057274314038
-0.003,0.0021333333333333334,-0.0013540951913793972,-0.00717032892857494
-0.002,0.0021333333333333334,-0.0012866828591022608,-0.005478168892118661
-0.00175,0.0021333333333333334,-0.00112719614574764,-0.005189317921118617
-0.0015,0.0021333333333333334,-0.0009373513567774678,-0.004975489935089455
-0.0013636363636363637,0.0021333333333333334,-0.0008293322673492226,-0.004887007513253567
-0.0012272727272727272,0.0021333333333333334,-0.0007224376497377835,-0.004815363260863835
-0.001090909090909091,0.0021333333333333334,-0.0006192353625495367,-0.004758020401601834
-0.0009545454545454546,0.0021333333333333334,-0.000521511973384222,-0.004712587199980105
-0.0008181818181818182,0.0021333333333333334,-0.00043027125727479774,-0.004676959478149386
-0.0006818181818181819,0.0021333333333333334,-0.00034580421264380866,-0.004649386602657913
-0.0005454545454545455,0.0021333333333333334,-0.00026780002006305734,-0.004628480827348866
-0.0004090909090909091,0.0021333333333333334,-0.00019547172301297744,-0.0046131917977290425
-0.0002727272727272728,0.0021333333333333334,-0.0001276783753661451,-0.004602765093398124
-0.0001363636363636363,0.0021333333333333334,-6.303389261482779e-05,-0.004596698833935842
0.0,0.0021333333333333334,-3.8638219668308195e-11,-0.004594707568625503
0.0001363636363636363,0.0021333333333333334,6.303381494101607e-05,-0.004596698839877695
0.0002727272727272728,0.0021333333333333334,0.000127678296478321,-0.004602765105238454
0.0004090909090909091,0.0021333333333333334,0.00019547164203106098,-0.004613191815371717
0.0005454545454545456,0.0021333333333333334,0.000267799936008832,-0.004628480850627028
0.0006818181818181819,0.0021333333333333334,0.0003458041244179844,-0.0046493866313095
0.0008181818181818182,0.0021333333333333334,0.00043027116365098537,-0.0046769595117895696
0.0009545454545454544,0.0021333333333333334,0.0005215118730249264,-0.004712587238075541
0.0010909090909090912,0.0021333333333333334,0.0006192352540483013,-0.0047580204434533755
0.0012272727272727275,0.0021333333333333334,0.0007224375316895384,-0.004815363305605458
0.0013636363636363637,0.0021333333333333334,0.000829332138447004,-0.004887007559875871
0.0015,0.0021333333333333334,0.000937351215928525,-0.004975489982493908
0.002,0.0021333333333333334,0.001286682671612502,-0.0054781689342265506
0.003,0.0021333333333333334,0.0013540949668947196,-0.007170328973149614
-0.012,0.0023666666666666667,-2.418748722241976e-05,-0.007971070724189377
-0.01,0.0023666666666666667,-4.724095423435278e-05,-0.007955561232014375
-0.008,0.0023666666666666667,-0.00010395696766658902,-0.007907855067963985
-0.006,0.0023666666666666667,-0.0002655203636946307,-0.007728614226454131
-0.004,0.0023666666666666667,-0.0007369559050135427,-0.006898116568149417
-0.003,0.0023666666666666667,-0.00104527707232115,-0.005838021817622359
-0.002,0.0023666666666666667,-0.0009529797336623921,-0.004674814274786696
-0.00175,0.0023666666666666667,-0.000839084333127012,-0.004477284656298751
-0.0015,0.0023666666666666667,-0.0007053847715502332,-0.004329289833771169
-0.0013636363636363637,0.0023666666666666667,-0.0006289630451305261,-0.0042675209615408
-0.0012272727272727272,0.0023666666666666667,-0.0005526364820944185,-0.004217352832837763
-0.001090909090909091,0.0023666666666666667,-0.00047801421440531134,-0.00417721786267129
-0.0009545454545454546,0.0023666666666666667,-0.00040628381953515384,-0.004145567375006144
-0.0008181818181818182,0.0023666666666666667,-0.0003381870202111746,-0.004120970624752626
-0.0006818181818181819,0.0023666666666666667,-0.00027403580632035516,-0.004102176205026655
-0.0005454545454545455,0.0023666666666666667,-0.00021375707106095055,-0.004088141509190544
-0.0004090909090909091,0.0023666666666666667,-0.00015695385883124485,-0.004078038876021716
-0.0002727272727272728,0.0023666666666666667,-0.00010297350089137724,-0.004071247509932155
-0.0001363636363636363,0.0023666666666666667,-5.097609533945963e-05,-0.004067339165047732
0.0,0.0023666666666666667,-3.1156008796130483e-11,-0.004066063764286882
0.0001363636363636363,0.0023666666666666667,5.097603267392834e-05,-0.0040673391713671805
0.0002727272727272728,0.0023666666666666667,0.00010297343715419032,-0.004071247522519529
0.0004090909090909091,0.0023666666666666667,0.00015695379327247355,-0.004078038894768802
0.0005454545454545456,0.0023666666666666667,0.00021375700288284958,-0.0040881415339227576
0.0006818181818181819,0.0023666666666666667,0.00027403573466905953,-0.004102176235490507
0.0008181818181818182,0.0023666666666666667,0.00033818694417890057,-0.004120970660602415
0.0009545454545454544,0.0023666666666666667,0.0004062837381752078,-0.004145567415792874
0.0010909090909090912,0.0023666666666666667,0.0004780141267613701,-0.00417721790783759
0.0012272727272727275,0.0023666666666666667,0.0005526363872438811,-0.004217352881722481
0.0013636363636363637,0.0023666666666666667,0.0006289629422398221,-0.004267521013396645
0.0015,0.0023666666666666667,0.0007053846599375255,-0.0043292898877974745
0.002,0.0023666666666666667,0.0009529795882381533,-0.0046748143304648744
0.003,0.0023666666666666667,0.0010452768929965065,-0.005838021872012964
-0.012,0.0026,-2.3668362611799895e-05,-0.0066168654032240275
-0.01,0.0026,-4.578481882874702e-05,-0.006600816969747444
-0.008,0.0026,-9.893996748379914e-05,-0.006552565359293202
-0.006,0.0026,-0.00024301764857040332,-0.0063797184591785575
-0.004,0.0026,-0.0006154562568000631,-0.005665895430215775
-0.003,0.0026,-0.0008162607550392239,-0.004863051503155756
-0.002,0.0026,-0.0007203158006338084,-0.004044870348899054
-0.00175,0.0026,-0.0006366432472413378,-0.0039066509391666015
-0.0015,0.0026,-0.0005396779557960877,-0.0038021097388467734
-0.0013636363636363637,0.0026,-0.0004841219799034542,-0.0037581365270328224
-0.0012272727272727272,0.0026,-0.000428260570545537,-0.003722279190191004
-0.001090909090909091,0.0026,-0.0003731140186471254,-0.00369353795117793
-0.0009545454545454546,0.0026,-0.0003194656702758942,-0.0036708912749076027
-0.0008181818181818182,0.0026,-0.00026783851996429455,-0.0036533611197275967
-0.0006818181818181819,0.0026,-0.0002184943964948691,-0.003640060121047456
-0.0005454545454545455,0.0026,-0.00017145126379570618,-0.003630221665626733
-0.0004090909090909091,0.0026,-0.00012651342676931084,-0.0036232158879918874
-0.0002727272727272728,0.0026,-8.330978157729061e-05,-0.0036185555698113074
-0.0001363636363636363,0.0026,-4.13362749554691e-05,-0.003615895974319607
0.0,0.0026,-2.5300596601336945e-11,-0.0036150321021230806
0.0001363636363636363,0.0026,4.13362240494643e-05,-0.003615895980612104
0.0002727272727272728,0.0026,8.330972975182589e-05,-0.0036185555823429376
0.0004090909090909091,0.0026,0.00012651337339562985,-0.0036232159066533097
0.0005454545454545456,0.0026,0.00017145120822478115,-0.003630221690247853
0.0006818181818181819,0.0026,0.000218494338055945,-0.003640060151391416
0.0008181818181818182,0.0026,0.0002678384579695929,-0.0036533611554849777
0.0009545454545454544,0.0026,0.0003194656040325824,-0.0036708913156925007
0.0010909090909090912,0.0026,0.0003731139474768987,-0.00369353799652785
0.0012272727272727275,0.0026,0.00042826049381121704,-0.003722279239572258
0.0013636363636363637,0.0026,0.0004841218970411294,-0.0037581365798529656
0.0015,0.0026,0.0005396778663499972,-0.0038021097944746494
0.002,0.0026,0.0007203156857235456,-0.0040448704095722605
0.003,0.0026,0.0008162606100531511,-0.004863051561554355
-0.012,0.002833333333333333,-2.3116114257585557e-05,-0.005576972003353736
-0.01,0.002833333333333333,-4.425609637156388e-05,-0.005560529306062011
-0.008,0.002833333333333333,-9.381613551597256e-05,-0.005512271389877077
-0.006,0.002833333333333333,-0.0002214108445046091,-0.005347697110540495
-0.004,0.002833333333333333,-0.0005144157035808371,-0.004738427597421681
-0.003,0.002833333333333333,-0.0006443874382090267,-0.004126075107628733
-0.002,0.002833333333333333,-0.0005539585047595879,-0.003539121403785549
-0.00175,0.002833333333333333,-0.0004910342953197335,-0.003440443664420301
-0.0015,0.002833333333333333,-0.0004189463042936885,-0.0033652218409210284
-0.0013636363636363637,0.002833333333333333,-0.0003775981072170981,-0.0033333495479450615
-0.0012272727272727272,0.002833333333333333,-0.0003358128775906713,-0.0033072378092077145
-0.001090909090909091,0.002833333333333333,-0.00029424738820372224,-0.003286229851998591
-0.0009545454545454546,0.002833333333333333,-0.000253420190063048,-0.0032696389348279894
-0.0008181818181818182,0.002833333333333333,-0.0002136940070827226,-0.0032567908229174
-0.0006818181818181819,0.002833333333333333,-0.00017527091490961673,-0.003247057672967161
-0.0005454545454545455,0.002833333333333333,-0.000138198707657544,-0.003239882941555232
-0.0004090909090909091,0.002833333333333333,-0.0001023862164733675,-0.003234798143382786
-0.0002727272727272728,0.002833333333333333,-6.762520488835473e-05,-0.003231433021271424
-0.0001363636363636363,0.002833333333333333,-3.36166961899893e-05,-0.0032295209710654685
0.0,0.002833333333333333,-2.067931957162455e-11,-0.003228901478305431
0.0001363636363636363,0.002833333333333333,3.3616654573057396e-05,-0.003229520977092394
0.0002727272727272728,0.002833333333333333,6.762516249477213e-05,-0.003231433033273824
0.0004090909090909091,0.002833333333333333,0.00010238617278006836,-0.0032347981612565577
0.0005454545454545456,0.002833333333333333,0.00013819866213553606,-0.003239882965141552
0.0006818181818181819,0.002833333333333333,0.00017527086702549715,-0.003247057702049977
0.0008181818181818182,0.002833333333333333,0.00021369395630372972,-0.003256790857221467
0.0009545454545454544,0.002833333333333333,0.00025342013586609075,-0.0032696389740182403
0.0010909090909090912,0.002833333333333333,0.00029424733008842966,-0.0032862298956818545
0.0012272727272727275,0.002833333333333333,0.0003358128150959848,-0.0033072378569377436
0.0013636363636363637,0.002833333333333333,0.00037759803994036876,-0.0033333495992312156
0.0015,0.002833333333333333,0.00041894623191076003,-0.003365221895240953
0.002,0.002833333333333333,0.0005539584126109601,-0.0035391214647036992
0.003,0.002833333333333333,0.0006443873197286887,-0.0041260751664549625
-0.012,0.0030666666666666668,-2.2534818098930093e-05,-0.004761185641539924
-0.01,0.0030666666666666668,-4.267023455267747e-05,-0.004744486873619177
-0.008,0.0030666666666666668,-8.865364414845102e-05,-0.004696700306708985
-0.006,0.0030666666666666668,-0.00020095778241124626,-0.004541687353770565
-0.004,0.0030666666666666668,-0.0004307521674994916,-0.004024132789243212
-0.003,0.0030666666666666668,-0.000513887198105472,-0.0035536124933735953
-0.002,0.0030666666666666668,-0.0004324369662350868,-0.0031252258382413805
-0.00175,0.0030666666666666668,-0.0003841721744616526,-0.003053508852019832
-0.0015,0.0030666666666666668,-0.000329431808914548,-0.0029984615474179894
-0.0013636363636363637,0.0030666666666666668,-0.00029802198461240787,-0.002974972541206049
-0.0012272727272727272,0.0030666666666666668,-0.0002661583427969364,-0.002955628646727828
-0.001090909090909091,0.0030666666666666668,-0.00023427073624859013,-0.00293998702208516
-0.0009545454545454546,0.0030666666666666668,-0.0002027057630364944,-0.0029275777493848196
-0.0008181818181818182,0.0030666666666666668,-0.00017171464119935547,-0.002917931614988398
-0.0006818181818181819,0.0030666666666666668,-0.0001414484757419408,-0.002910603826379804
-0.0005454545454545455,0.0030666666666666668,-0.00011196040755640188,-0.0029051930354073922
-0.0004090909090909091,0.0030666666666666668,-8.321369622941111e-05,-0.002901355697079149
-0.0002727272727272728,0.0030666666666666668,-5.509457496464591e-05,-0.0028988162582400424
-0.0001363636363636363,0.0030666666666666668,-2.742868814625541e-05,-0.0028973739194973146
0.0,0.0030666666666666668,-1.7004573281060565e-11,-0.0028969067628734834
0.0001363636363636363,0.0030666666666666668,2.7428653920187265e-05,-0.0028973739251285458
0.0002727272727272728,0.0030666666666666668,5.5094540087696345e-05,-0.002898816269454895
0.0004090909090909091,0.0030666666666666668,8.321366026760196e-05,-0.0029013557137820105
0.0005454545454545456,0.0030666666666666668,0.00011196037007683316,-0.0029051930574538853
0.0006818181818181819,0.0030666666666666668,0.00014144843631542863,-0.0029106038535761727
0.0008181818181818182,0.0030666666666666668,0.00017171459940501765,-0.0029179316470913682
0.0009545454545454544,0.0030666666666666668,0.0002027057184684976,-0.0029275777861024034
0.0010909090909090912,0.0030666666666666668,0.0002342706885249856,-0.002939987063078979
0.0012272727272727275,0.0030666666666666668,0.00026615829157025287,-0.0029556286916173264
0.0013636363636363637,0.0030666666666666668,0.00029802192958136554,-0.002974972589574827
0.0015,0.0030666666666666668,0.0003294317498360236,-0.002998461598822233
0.002,0.0030666666666666668,0.0004324368914439464,-0.0031252258968217164
0.003,0.0030666666666666668,0.000513887100371305,-0.0035536125504914084
-0.012,0.0033,-2.1928607497409122e-05,-0.004109486748560741
-0.01,0.0033,-4.104224507515055e-05,-0.004092661850453624
-0.008,0.0033,-8.351307409649093e-05,-0.004045759023625871
-0.006,0.0033,-0.00018182439310124405,-0.003901088409263577
-0.004,0.0033,-0.0003616100623665731,-0.003462808915993027
-0.003,0.0033,-0.00041369160631859884,-0.0030985791168542305
-0.002,0.0033,-0.0003420126582089641,-0.002781111883595885
-0.00175,0.0033,-0.0003043586280195545,-0.002728143252605768
-0.0015,0.0033,-0.0002620238149118352,-0.0026872280802338294
-0.0013636363636363637,0.0033,-0.00023773342846998468,-0.0026696481663352517
-0.0012272727272727272,0.0033,-0.0002130194158141123,-0.0026550900264793414
-0.001090909090909091,0.0033,-0.0001881680307688609,-0.002643248363110703
-0.0009545454545454546,0.0033,-0.00016341402635184442,-0.0026337965121845663
-0.0008181818181818182,0.0033,-0.00013893262553400464,-0.002626404825813242
-0.0006818181818181819,0.0033,-0.00011483587119938483,-0.002620757139468082
-0.0005454545454545455,0.0033,-9.117323461085555e-05,-0.00261656476358042
-0.0004090909090909091,0.0033,-6.793608360659487e-05,-0.002613577786941553
-0.0002727272727272728,0.0033,-4.5065431999346434e-05,-0.00261159375083594
-0.0001363636363636363,0.0033,-2.246230241950291e-05,-0.0026104639258947866
0.0,0.0033,-1.4062719176795791e-11,-0.002610097495403735
0.0001363636363636363,0.0033,2.246227411257365e-05,-0.002610463931069704
0.0002727272727272728,0.0033,4.50654031485912e-05,-0.0026115937611428464
0.0004090909090909091,0.0033,6.793605385179287e-05,-0.0026135778022945222
0.0005454545454545456,0.0033,9.117320359592806e-05,-0.002616564783850563
0.0006818181818181819,0.0033,0.00011483583857527243,-0.0026207571644837496
0.0008181818181818182,0.0033,0.00013893259096258286,-0.0026264048553606752
0.0009545454545454544,0.0033,0.00016341398951100807,-0.0026337965460093153
0.0010909090909090912,0.0033,0.0001881679913586292,-0.002643248400919994
0.0012272727272727275,0.0033,0.0002130193735636263,-0.0026550900679455248
0.0013636363636363637,0.0033,0.0002377333831449152,-0.002669648211100595
0.0015,0.0033,0.0002620237663217856,-0.0026872281279164303
0.002,0.0033,0.00034201259689072255,-0.0027811119385090957
0.003,0.0033,0.00041369152502742496,-0.003098579171045897
-0.012,0.003533333333333333,-2.1301612057634167e-05,-0.0035806847366880675
-0.01,0.003533333333333333,-3.938644854551652e-05,-0.0035638540090285873
-0.008,0.003533333333333333,-7.844675836114329e-05,-0.0035181811878831036
-0.006,0.003533333333333333,-0.0001641001129489681,-0.003384214906995004
-0.004,0.003533333333333333,-0.0003044804241720757,-0.0030137557892081822
-0.003,0.003533333333333333,-0.00033595061261711774,-0.0027297377761732306
-0.002,0.003533333333333333,-0.00027363420856143454,-0.002491221445921547
-0.00175,0.003533333333333333,-0.00024382131365985026,-0.0024515218398272927
-0.0015,0.003533333333333333,-0.00021055486466910886,-0.0024206706161792693
-0.0013636363636363637,0.003533333333333333,-0.00019147360213024223,-0.002407323969614395
-0.0012272727272727272,0.003533333333333333,-0.00017201556348219265,-0.002396207765769777
-0.001090909090909091,0.003533333333333333,-0.00015237477574519992,-0.002387107583809684
-0.0009545454545454546,0.003533333333333333,-0.0001327127081834864,-0.0023797931874758945
-0.0008181818181818182,0.003533333333333333,-0.00011315305307839296,-0.0023740308599747182
-0.0006818181818181819,0.003533333333333333,-9.377916220950795e-05,-0.0023695948377217826
-0.0005454545454545455,0.003533333333333333,-7.463414452796955e-05,-0.0023662774134061045
-0.0004090909090909091,0.003533333333333333,-5.572345781240386e-05,-0.0023638974596675265
-0.0002727272727272728,0.003533333333333333,-3.7019697136537455e-05,-0.002362307277963038
-0.0001363636363636363,0.003533333333333333,-1.8469196609995055e-05,-0.0023613977875900963
0.0,0.003533333333333333,-1.1693042926614615e-11,-0.0023611021316176837
0.0001363636363636363,0.003533333333333333,1.846917307213912e-05,-0.0023613977922915357
0.0002727272727272728,0.003533333333333333,3.701967314430679e-05,-0.0023623072873278
0.0004090909090909091,0.003533333333333333,5.5723433066101305e-05,-0.0023638974736195683
0.0005454545454545456,0.003533333333333333,7.463411873306673e-05,-0.0023662774318317027
0.0006818181818181819,0.003533333333333333,9.37791350793729e-05,-0.0023695948604701756
0.0008181818181818182,0.003533333333333333,0.00011315302433755442,-0.00237403088685909
0.0009545454545454544,0.003533333333333333,0.0001327126775714817,-0.0023797932182748733
0.0010909090909090912,0.003533333333333333,0.0001523747430209559,-0.0023871076182695413
0.0012272727272727275,0.003533333333333333,0.00017201552842875445,-0.0023962078036073274
0.0013636363636363637,0.003533333333333333,0.0001914735645596737,-0.0024073240105206626
0.0015,0.003533333333333333,0.00021055482442723522,-0.0024206706598238576
0.002,0.003533333333333333,0.0002736341578533324,-0.0024912214965707364
0.003,0.003533333333333333,0.00033595054450457566,-0.002729737826801035
-0.012,0.003766666666666667,-2.065790135776275e-05,-0.0031457502657655273
-0.01,0.003766666666666667,-3.771626800593597e-05,-0.003129023360411606
-0.008,0.003766666666666667,-7.349858120566069e-05,-0.0030848622379934507
-0.006,0.003766666666666667,-0.00014781369766688244,-0.0029616299753381283
-0.004,0.003766666666666667,-0.00025722797806769786,-0.002648776546517123
-0.003,0.003766666666666667,-0.00027503419341343496,-0.0024257225864775488
-0.002,0.003766666666666667,-0.00022118646334950496,-0.002244277774976089
-0.00175,0.003766666666666667,-0.00019727366817126805,-0.002214120343228354
-0.0015,0.003766666666666667,-0.00017076551699854017,-0.002190546688211149
-0.0013636363636363637,0.003766666666666667,-0.00015556823783321815,-0.0021802794623385713
-0.0012272727272727272,0.003766666666666667,-0.00014004416810149418,-0.002171678329490565
-0.001090909090909091,0.003766666666666667,-0.0001243271855600365,-0.0021645903428559473
-0.0009545454545454546,0.003766666666666667,-0.00010853022161644547,-0.002158851261998052
-0.0008181818181818182,0.003766666666666667,-9.274189575129051e-05,-0.002154293946103022
-0.0006818181818181819,0.003766666666666667,-7.702479498428597e-05,-0.002150756322620303
-0.0005454545454545455,0.003766666666666667,-6.141543474001395e-05,-0.002148088619824457
-0.0004090909090909091,0.003766666666666667,-4.59258305542188e-05,-0.0021461596457379582
-0.0002727272727272728,0.003766666666666667,-3.054652159297058e-05,-0.0021448619815452263
-0.0001363636363636363,0.003766666666666667,-1.5250819599150316e-05,-0.002144116025909739
0.0,0.003766666666666667,-9.773332441457783e-12,-0.0021438728728774806
0.0001363636363636363,0.003766666666666667,1.525079992537673e-05,-0.0021441160301467715
0.0002727272727272728,0.003766666666666667,3.054650153885622e-05,-0.002144861989985825
0.0004090909090909091,0.003766666666666667,4.592580986955358e-05,-0.0021461596583154476
0.0005454545454545456,0.003766666666666667,6.141541317979299e-05,-0.0021480886364393438
0.0006818181818181819,0.003766666666666667,7.702477231112434e-05,-0.0021507563431410063
0.0008181818181818182,0.003766666666666667,9.274187173811255e-05,-0.002154293970366944
0.0009545454545454544,0.003766666666666667,0.00010853019604945563,-0.0021588512898130267
0.0010909090909090912,0.003766666666666667,0.00012432715824191846,-0.0021645903740021536
0.0012272727272727275,0.003766666666666667,0.00014004413885474276,-0.002171678363722966
0.0013636363636363637,0.003766666666666667,0.00015556820650348697,-0.002180279499389814
0.0015,0.003766666666666667,0.0001707654834577921,-0.002190546727794912
0.002,0.003766666666666667,0.00022118642109833516,-0.0022442778211920525
0.003,0.003766666666666667,0.000275034135968199,-0.0024257226332685977
-0.012,0.004,-2.000143457091256e-05,-0.0027837477734019376
-0.01,0.004,-3.6044071871639055e-05,-0.0027672230448413772
-0.008,0.004,-6.870414845072372e-05,-0.002724794169271956
-0.006,0.004,-0.0001329479986654906,-0.002612072726334279
-0.004,0.004,-0.00021807119441200447,-0.0023479080506264116
-0.003,0.004,-0.00022685879563297932,-0.002171519084348571
-0.002,0.004,-0.00018044633688091678,-0.0020319074347426402
-0.00175,0.004,-0.0001610444897563685,-0.0020087132396423625
-0.0015,0.004,-0.0001396601155802258,-0.001990478141719716
-0.0013636363636363637,0.004,-0.00012740803140894784,-0.001982483446329
-0.0012272727272727272,0.004,-0.00011487645321054787,-0.0019757476083367615
-0.001090909090909091,0.004,-0.00010215941095789287,-0.0019701601010654393
-0.0009545454545454546,0.004,-8.933726720175577e-05,-0.001965602512172732
-0.0008181818181818182,0.004,-7.647455111498295e-05,-0.0019619543298211644
-0.0006818181818181819,0.004,-6.361883066832206e-05,-0.00195909852665802
-0.0005454545454545455,0.004,-5.0800658889921554e-05,-0.0019569267209619753
-0.0004090909090909091,0.004,-3.8034563631858974e-05,-0.0019553437433787826
-0.0002727272727272728,0.004,-2.5320991665311806e-05,-0.001954271485820309
-0.0001363636363636363,0.004,-1.264906973376054e-05,-0.0019536519511421093
0.0,0.004,-8.20977927910171e-12,-0.0019534494550919653
0.0001363636363636363,0.004,1.2649053207449828e-05,-0.0019536519549388474
0.0002727272727272728,0.004,2.5320974819675378e-05,-0.001954271493384626
0.0004090909090909091,0.004,3.803454625714899e-05,-0.001955343754652593
0.0005454545454545456,0.004,5.080064078118047e-05,-0.001956926735858721
0.0006818181818181819,0.004,6.361881162746002e-05,-0.001959098545063382
0.0008181818181818182,0.004,7.647453095297247e-05,-0.001961954351594085
0.0009545454545454544,0.004,8.933724574095706e-05,-0.0019656025371467154
0.0010909090909090912,0.004,0.00010215938803445458,-0.001970160129050251
0.0012272727272727275,0.004,0.00011487642867682604,-0.0019757476391203932
0.0013636363636363637,0.004,0.00012740800513587404,-0.0019824834796800515
0.0015,0.004,0.0001396600874594844,-0.001990478177390009
0.002,0.004,0.0001804463014396319,-0.0020319074766022597
0.003,0.004,0.00022685874689830224,-0.0021715191272575437
-0.012,0.0044,-1.8857248224769504e-05,-0.0022904960056284738
-0.01,0.0044,-3.3204403872365444e-05,-0.0022745132152206726
-0.008,0.0044,-6.091911961958221e-05,-0.002235407538128198
-0.006,0.0044,-0.00011061323837744661,-0.0021396867848042372
-0.004,0.0044,-0.00016569045791681384,-0.0019417769705262918
-0.003,0.0044,-0.0001656942338202253,-0.0018219943795527974
-0.002,0.0044,-0.00012972144986155994,-0.0017307460716589208
-0.00175,0.0044,-0.00011584507791092236,-0.001715566487385631
-0.0015,0.0044,-0.0001006780124423581,-0.0017035173449654931
-0.0013636363636363637,0.0044,-9.19996130996712e-05,-0.0016981770813537282
-0.0012272727272727272,0.0044,-8.311097557123932e-05,-0.0016936353286848135
-0.001090909090909091,0.0044,-7.406553487710986e-05,-0.0016898271513964716
-0.0009545454545454546,0.0044,-6.490998465475172e-05,-0.0016866834945555014
-0.0008181818181818182,0.0044,-5.568325386812723e-05,-0.0016841343253025472
-0.0006818181818181819,0.0044,-4.6415972496307044e-05,-0.0016821117124802493
-0.0005454545454545455,0.0044,-3.713044760662719e-05,-0.001680552724392222
-0.0004090909090909091,0.0044,-2.7841141124592284e-05,-0.0016794020413208714
-0.0002727272727272728,0.0044,-1.855561238421999e-05,-0.001678614198102315
-0.0001363636363636363,0.0044,-9.275863642118705e-06,-0.0016781553908527167
0.0,0.0044,-6.157321624608787e-12,-0.0016780047995529125
0.0001363636363636363,0.0044,9.275851247663445e-06,-0.0016781553939709557
0.0002727272727272728,0.0044,1.8555599751077317e-05,-0.001678614204315984
0.0004090909090909091,0.0044,2.7841128096145727e-05,-0.0016794020505845374
0.0005454545454545456,0.0044,3.713043403004569e-05,-0.0016805527366382594
0.0006818181818181819,0.0044,4.6415958224079235e-05,-0.0016821117276194343
0.0008181818181818182,0.0044,5.568323875961911e-05,-0.0016841343432248688
0.0009545454545454544,0.0044,6.49099685777702e-05,-0.0016866835151312313
0.0010909090909090912,0.0044,7.40655177094396e-05,-0.001689827174477403
0.0012272727272727275,0.0044,8.31109572021335e-05,-0.0016936353541057451
0.0013636363636363637,0.0044,9.199959343125705e-05,-0.0016981771089341132
0.0015,0.0044,0.00010067799139089605,-0.0017035173745112986
0.002,0.0044,0.00012972142327660876,-0.001730746106587369
0.003,0.0044,0.00016569419660725134,-0.0018219944160732845
-0.012,0.005200000000000001,-1.655881815851602e-05,-0.0016209590694016378
-0.01,0.005200000000000001,-2.7785575114074662e-05,-0.0016065957582494528
-0.008,0.005200000000000001,-4.7260258433691695e-05,-0.001574667544848105
-0.006,0.005200000000000001,-7.638134367934473e-05,-0.0015075750267510518
-0.004,0.005200000000000001,-9.873478053931705e-05,-0.0013952413669761706
-0.003,0.005200000000000001,-9.313857978253908e-05,-0.0013369453569403444
-0.002,0.005200000000000001,-7.117288564452334e-05,-0.0012947830337585837
-0.00175,0.005200000000000001,-6.355346235034767e-05,-0.0012877080624387111
-0.0015,0.005200000000000001,-5.533227304757522e-05,-0.0012819914931928365
-0.0013636363636363637,0.005200000000000001,-5.064387455319911e-05,-0.0012794089196678483
-0.0012272727272727272,0.005200000000000001,-4.583886929883841e-05,-0.0012771768826177112
-0.001090909090909091,0.005200000000000001,-4.093716560953615e-05,-0.0012752712427873416
-0.0009545454545454546,0.005200000000000001,-3.595692792486066e-05,-0.0012736668341584308
-0.0008181818181818182,0.005200000000000001,-3.0914334325103025e-05,-0.0012723384701249457
-0.0006818181818181819,0.005200000000000001,-2.5823454649387626e-05,-0.00127126193544853
-0.0005454545454545455,0.005200000000000001,-2.069625373260549e-05,-0.0012704149281597705
-0.0004090909090909091,0.005200000000000001,-1.554271761284955e-05,-0.001269777918053723
-0.0002727272727272728,0.005200000000000001,-1.0371094020266663e-05,-0.0012693348920249097
-0.0001363636363636363,0.005200000000000001,-5.188232414004181e-06,-0.0012690739609473628
0.0,0.005200000000000001,-3.6039897706421623e-12,-0.001268987807895207
0.0001363636363636363,0.005200000000000001,5.188225159793157e-06,-0.0012690739630156205
0.0002727272727272728,0.005200000000000001,1.0371086627782824e-05,-0.0012693348961476574
0.0004090909090909091,0.005200000000000001,1.554270999130284e-05,-0.0012697779242035394
0.0005454545454545456,0.005200000000000001,2.069624579328874e-05,-0.001270414936295835
0.0006818181818181819,0.005200000000000001,2.5823446306486905e-05,-0.0012712619455169695
0.0008181818181818182,0.005200000000000001,3.09143254964874e-05,-0.0012723384820593033
0.0009545454545454544,0.005200000000000001,3.595691853284006e-05,-0.0012736668478802878
0.0010909090909090912,0.005200000000000001,4.093715558158578e-05,-0.0012752712582069698
0.0012272727272727275,0.005200000000000001,4.5838858568264536e-05,-0.0012771768996348684
0.0013636363636363637,0.005200000000000001,5.064386305974994e-05,-0.0012794089381726692
0.0015,0.005200000000000001,5.533226073797666e-05,-0.0012819915130667932
0.002,0.005200000000000001,7.117287001014984e-05,-0.0012947830575262209
0.003,0.005200000000000001,9.313855722225057e-05,-0.0013369453826307287
-0.012,0.006,-1.4340600815814072e-05,-0.0011998500593328703
-0.01,0.006,-2.291272853644197e-05,-0.00118748352442082
-0.008,0.006,-3.625530061478587e-05,-0.0011624129154172798
-0.006,0.006,-5.297770062755009e-05,-0.0011164002286353893
-0.004,0.006,-6.123426803663509e-05,-0.0010512371258414685
-0.003,0.006,-5.546724728016965e-05,-0.0010209856931981186
-0.002,0.006,-4.161909846939379e-05,-0.0009997434861537312
-0.00175,0.006,-3.712365076445199e-05,-0.0009961324266941963
-0.0015,0.006,-3.2321229404219184e-05,-0.0009931705087643525
-0.0013636363636363637,0.006,-2.9593006293706193e-05,-0.0009918120548225403
-0.0012272727272727272,0.006,-2.6799707878545727e-05,-0.0009906236621683062
-0.001090909090909091,0.006,-2.3950043731541896e-05,-0.0009895956241282244
-0.0009545454545454546,0.006,-2.1052257359991914e-05,-0.0009887180195910503
-0.0008181818181818182,0.006,-1.8114060942549353e-05,-0.0009879810651940964
-0.0006818181818181819,0.006,-1.5142603146128746e-05,-0.0009873754597092943
-0.0005454545454545455,0.006,-1.2144470708536076e-05,-0.0009868927093957657
-0.0004090909090909091,0.006,-9.125722839712314e-06,-0.0009865254236777524
-0.0002727272727272728,0.006,-6.091955892435212e-06,-0.0009862675714719725
-0.0001363636363636363,0.006,-3.048394266345581e-06,-0.000986114689782572
0.0,0.006,-2.21500009858914e-12,-0.0009860640377519895
0.0001363636363636363,0.006,3.0483898083040863e-06,-0.0009861146911448971
0.0002727272727272728,0.006,6.091951350491992e-06,-0.0009862675741882806
0.0004090909090909091,0.006,9.125718158682433e-06,-0.0009865254277314182
0.0005454545454545456,0.006,1.2144465834348983e-05,-0.0009868927147620376
0.0006818181818181819,0.006,1.514259802626029e-05,-0.000987375466355463
0.0008181818181818182,0.006,1.8114055526438146e-05,-0.000987981073079773
0.0009545454545454544,0.006,2.105225159943435e-05,-0.0009887180286684808
0.0010909090909090912,0.006,2.3950037581064714e-05,-0.0009895956343426555
0.0012272727272727275,0.006,2.679970129575263e-05,-0.0009906236734584261
0.0013636363636363637,0.006,2.959299923958353e-05,-0.000991812067120943
0.0015,0.006,3.232122184341671e-05,-0.0009931705219980473
0.002,0.006,4.161908881318975e-05,-0.0009997435021172794
0.003,0.006,5.5467233004172444e-05,-0.001020985710886768
-0.012,0.0068000000000000005,-1.2282631206292843e-05,-0.0009184535288543097
-0.01,0.0068000000000000005,-1.870104843248019e-05,-0.0009081518236364523
-0.008,0.0068000000000000005,-2.7674955541405976e-05,-0.0008889833304660785
-0.006,0.0068000000000000005,-3.711690746418268e-05,-0.0008577109100861058
-0.004,0.0068000000000000005,-3.936666020805173e-05,-0.0008189399086883394
-0.003,0.0068000000000000005,-3.461773172859297e-05,-0.000802342144920608
-0.002,0.0068000000000000005,-2.559679675033427e-05,-0.0007908679350324522
-0.00175,0.0068000000000000005,-2.2798208153425226e-05,-0.0007888900927121684
-0.0015,0.0068000000000000005,-1.9832873139954648e-05,-0.0007872482409665155
-0.0013636363636363637,0.0068000000000000005,-1.8154914249538332e-05,-0.0007864866509122041
-0.0012272727272727272,0.0068000000000000005,-1.6439867108576005e-05,-0.0007858145651775501
-0.001090909090909091,0.0068000000000000005,-1.4692029609607754e-05,-0.0007852278131388392
-0.0009545454545454546,0.0068000000000000005,-1.2915579903357312e-05,-0.0007847222047775688
-0.0008181818181818182,0.0068000000000000005,-1.1114555593319763e-05,-0.0007842936635384135
-0.0006818181818181819,0.0068000000000000005,-9.29284280797592e-06,-0.0007839383547544476
-0.0005454545454545455,0.0068000000000000005,-7.454175187104463e-06,-0.0007836528059002815
-0.0004090909090909091,0.0068000000000000005,-5.602142382675643e-06,-0.0007834340151353122
-0.0002727272727272728,0.0068000000000000005,-3.740207251629342e-06,-0.0007832795449187451
-0.0001363636363636363,0.0068000000000000005,-1.8717305278400732e-06,-0.0007831875979042545
0.0,0.0068000000000000005,-1.4227999048028012e-12,-0.0007831570728410697
0.0001363636363636363,0.0068000000000000005,1.8717276645288835e-06,-0.0007831875988021752
0.0002727272727272728,0.0068000000000000005,3.740204335304112e-06,-0.0007832795467094522
0.0004090909090909091,0.0068000000000000005,5.6021393784046476e-06,-0.000783434017808575
0.0005454545454545456,0.0068000000000000005,7.454172060566524e-06,-0.0007836528094408454
0.0006818181818181819,0.0068000000000000005,9.292839525697367e-06,-0.0007839383591421454
0.0008181818181818182,0.0068000000000000005,1.1114552122900717e-05,-0.0007842936687482954
0.0009545454545454544,0.0068000000000000005,1.2915576213691264e-05,-0.000784722210780099
0.0010909090909090912,0.0068000000000000005,1.4692025671084439e-05,-0.0007852278199000823
0.0012272727272727275,0.0068000000000000005,1.6439862893272145e-05,-0.0007858145726594035
0.0013636363636363637,0.0068000000000000005,1.8154909731390506e-05,-0.00078648665907267
0.0015,0.0068000000000000005,1.9832868294915785e-05,-0.000787248249759981
0.002,0.0068000000000000005,2.5596790536858767e-05,-0.0007908679457064949
0.003,0.0068000000000000005,3.4617722368411755e-05,-0.0008023421569559486
-0.012,0.007600000000000001,-1.0430662004300169e-05,-0.0007215890686571715
-0.01,0.007600000000000001,-1.5163221692139549e-05,-0.0007132245906333457
-0.008,0.007600000000000001,-2.1116151740514057e-05,-0.0006988278249981158
-0.006,0.007600000000000001,-2.6343907816917486e-05,-0.0006775985508188143
-0.004,0.007600000000000001,-2.6125921582008397e-05,-0.0006539214232514745
-0.003,0.007600000000000001,-2.2461385281079617e-05,-0.000644365831153786
-0.002,0.007600000000000001,-1.640711334363774e-05,-0.0006378070106107548
-0.00175,0.007600000000000001,-1.4590166987956179e-05,-0.0006366617123250701
-0.0015,0.007600000000000001,-1.2678209000015324e-05,-0.0006357021565022523
-0.0013636363636363637,0.007600000000000001,-1.1600375530599607e-05,-0.0006352533463285801
-0.0012272727272727272,0.007600000000000001,-1.0500845843114503e-05,-0.0006348548247572211
-0.001090909090909091,0.007600000000000001,-9.381932719513435e-06,-0.0006345046910363986
-0.0009545454545454546,0.007600000000000001,-8.245924399590364e-06,-0.0006342010627998229
-0.0008181818181818182,0.007600000000000001,-7.095076592209033e-06,-0.00063394212965257
-0.0006818181818181819,0.007600000000000001,-5.9316076566092995e-06,-0.0006337262043836356
-0.0005454545454545455,0.007600000000000001,-4.757696919589052e-06,-0.0006335517704806787
-0.0004090909090909091,0.007600000000000001,-3.5754859681234638e-06,-0.0006334175247026562
-0.0002727272727272728,0.007600000000000001,-2.3870826360831974e-06,-0.0006333224135842983
-0.0001363636363636363,0.007600000000000001,-1.1945672933768985e-06,-0.0006332656628992218
0.0,0.007600000000000001,-9.509830521646842e-13,-0.0006332467992914589
0.0001363636363636363,0.007600000000000001,1.1945653798291748e-06,-0.000633265663492663
0.0002727272727272728,0.007600000000000001,2.3870806878601568e-06,-0.0006333224147679589
0.0004090909090909091,0.007600000000000001,3.5754839623404555e-06,-0.0006334175264701133
0.0005454545454545456,0.007600000000000001,4.757694833707404e-06,-0.0006335517728223504
0.0006818181818181819,0.007600000000000001,5.931605468570281e-06,-0.0006337262072868389
0.0008181818181818182,0.007600000000000001,7.095074280563828e-06,-0.0006339421331016024
0.0009545454545454544,0.007600000000000001,8.2459219436244e-06,-0.0006342010667760592
0.0010909090909090912,0.007600000000000001,9.381930099362934e-06,-0.0006345046955183989
0.0012272727272727275,0.007600000000000001,1.0500843039878535e-05,-0.0006348548297208738
0.0013636363636363637,0.007600000000000001,1.1600372526439527e-05,-0.000635253351747241
0.0015,0.007600000000000001,1.2678205778248609e-05,-0.0006357021623468981
0.002,0.007600000000000001,1.640710920196915e-05,-0.000637807017735468
0.003,0.007600000000000001,2.2461378954527864e-05,-0.000644365839276181
-0.012,0.008400000000000001,-8.802788729015496e-06,-0.0005788181487388767
-0.01,0.008400000000000001,-1.2250716346545722e-05,-0.0005721620402283437
-0.008,0.008400000000000001,-1.6156095161936503e-05,-0.0005614746202823301
-0.006,0.008400000000000001,-1.8965140671117037e-05,-0.0005470125975915744
-0.004,0.008400000000000001,-1.7831534557497282e-05,-0.0005321844630375397
-0.003,0.008400000000000001,-1.50602937463525e-05,-0.0005264509659408478
-0.002,0.008400000000000001,-1.0888210870889843e-05,-0.0005225241945266232
-0.00175,0.008400000000000001,-9.667605711329305e-06,-0.0005218307404676934
-0.0015,0.008400000000000001,-8.39070904535494e-06,-0.0005212456650931435
-0.0013636363636363637,0.008400000000000001,-7.67335515151018e-06,-0.0005209703464820232
-0.0012272727272727272,0.008400000000000001,-6.9429576213615295e-06,-0.0005207248004603802
-0.001090909090909091,0.008400000000000001,-6.200841847267719e-06,-0.0005205081136096938
-0.0009545454545454546,0.008400000000000001,-5.44833347502943e-06,-0.0005203193920026262
-0.0008181818181818182,0.008400000000000001,-4.6867547787816986e-06,-0.0005201577841686655
-0.0006818181818181819,0.008400000000000001,-3.917422118575007e-06,-0.0005200225028213347
-0.0005454545454545455,0.008400000000000001,-3.1416444564883365e-06,-0.0005199128448483492
-0.0004090909090909091,0.008400000000000001,-2.360722867744553e-06,-0.0005198282091002555
-0.0002727272727272728,0.008400000000000001,-1.575950946055871e-06,-0.0005197681115599667
-0.0001363636363636363,0.008400000000000001,-7.886159687574723e-07,-0.0005197321975341792
0.0,0.008400000000000001,-6.585684746680507e-13,-0.0005197202505762978
0.0001363636363636363,0.008400000000000001,7.886146438196064e-07,-0.0005197321979273406
0.0002727272727272728,0.008400000000000001,1.5759495977565017e-06,-0.0005197681123442307
0.0004090909090909091,0.008400000000000001,2.360721480645342e-06,-0.0005198282102715099
0.0005454545454545456,0.008400000000000001,3.1416430153531433e-06,-0.0005199128464004514
0.0006818181818181819,0.008400000000000001,3.91742060845013e-06,-0.0005200225047461518
0.0008181818181818182,0.008400000000000001,4.686753185071059e-06,-0.00052015778645612
0.0009545454545454544,0.008400000000000001,5.44833178356895e-06,-0.0005203193946407436
0.0010909090909090912,0.008400000000000001,6.200840044394663e-06,-0.0005205081165846776
0.0012272727272727275,0.008400000000000001,6.94295569398155e-06,-0.0005207248037566767
0.0013636363636363637,0.008400000000000001,7.673353087158662e-06,-0.0005209703500824182
0.0015,0.008400000000000001,8.39070683225315e-06,-0.0005212456689788452
0.002,0.008400000000000001,1.0888208023984484e-05,-0.0005225241992749687
0.003,0.008400000000000001,1.5060289355171645e-05,-0.0005264509713831471
-0.012,0.0092,-7.397355285981731e-06,-0.00047223118898847866
-0.01,0.0092,-9.885777362799883e-06,-0.0004670195330205984
-0.008,0.0092,-1.2421729567344175e-05,-0.00045914498240554627
-0.006,0.0092,-1.3852131453218916e-05,-0.00044923321185985073
-0.004,0.0092,-1.2475651620077793e-05,-0.00043972704732667784
-0.003,0.0092,-1.038656705736459e-05,-0.00043616341026620165
-0.002,0.0092,-7.443531629465942e-06,-0.00043372131549256076
-0.00175,0.0092,-6.599729796473847e-06,-0.0004332859608374655
-0.0015,0.0092,-5.721446406719968e-06,-0.00043291669529893376
-0.0013636363636363637,0.0092,-5.22954688779548e-06,-0.0004327421562766392
-0.0012272727272727272,0.0092,-4.729592249956932e-06,-0.0004325859998034887
-0.001090909090909091,0.0092,-4.222379017516543e-06,-0.0004324477655566644
-0.0009545454545454546,0.0092,-3.7087089911269968e-06,-0.0004323270074168294
-0.0008181818181818182,0.0092,-3.1893873832210963e-06,-0.00043222330386883507
-0.0006818181818181819,0.0092,-2.665221343392186e-06,-0.0004321362677562088
-0.0005454545454545455,0.0092,-2.1370188615972956e-06,-0.0004320655551905666
-0.0004090909090909091,0.0092,-1.6055880239161208e-06,-0.0004320108734321647
-0.0002727272727272728,0.0092,-1.0717365832944927e-06,-0.0004319719875774696
-0.0001363636363636363,0.0092,-5.362717966761291e-07,-0.00043194872591338206
0.0,0.0092,-4.705847440421921e-13,-0.00043194098382501073
0.0001363636363636363,0.0092,5.362708501160461e-07,-0.0004319487261741162
0.0002727272727272728,0.0092,1.071735620587698e-06,-0.0004319719880975938
0.0004090909090909091,0.0092,1.605587034380943e-06,-0.0004320108742089967
0.0005454545454545456,0.0092,2.13701783467391e-06,-0.00043206555622009866
0.0006818181818181819,0.0092,2.665220268691511e-06,-0.00043213626903312944
0.0008181818181818182,0.0092,3.189386250571856e-06,-0.0004322233053865541
0.0009545454545454544,0.0092,3.7087077906193444e-06,-0.0004323270091675148
0.0010909090909090912,0.0092,4.222377739546586e-06,-0.000432447767531273
0.0012272727272727275,0.0092,4.72959088526642e-06,-0.00043258600199181843
0.0013636363636363637,0.0092,5.229545427511639e-06,-0.00043274215866737515
0.0015,0.0092,5.721444842389998e-06,-0.00043291669787970155
0.002,0.0092,7.443529618952137e-06,-0.00043372131864880074
0.003,0.0092,1.0386563937183079e-05,-0.00043616341388365835
-0.012,0.01,-6.200233512182231e-06,-0.00039073447369807724
-0.01,0.01,-7.982464220771101e-06,-0.00038670855205758144
-0.008,0.01,-9.61057613290192e-06,-0.0003809346654677494
-0.006,0.01,-1.026222628213064e-05,-0.00037409290657729476
-0.004,0.01,-8.922517278928147e-06,-0.00036786884244335453
-0.003,0.01,-7.341074091240601e-06,-0.0003655869101614203
-0.002,0.01,-5.221453432740095e-06,-0.0003640199521290763
-0.00175,0.01,-4.623636638352632e-06,-0.00036373843030965077
-0.0015,0.01,-4.004070417688126e-06,-0.0003634986820914916
-0.0013636363636363637,0.01,-3.6580099607622984e-06,-0.0003633849876901142
-0.0012272727272727272,0.01,-3.306846148899291e-06,-0.0003632830336332299
-0.001090909090909091,0.01,-2.9510760272054495e-06,-0.00036319257791163535
-0.0009545454545454546,0.01,-2.591201743441737e-06,-0.000363113387869059
-0.0008181818181818182,0.01,-2.227729504529119e-06,-0.000363045245153955
-0.0006818181818181819,0.01,-1.8611686798310184e-06,-0.0003629879503294118
-0.0005454545454545455,0.01,-1.4920310457342614e-06,-0.000362941327057509
-0.0004090909090909091,0.01,-1.1208301613701803e-06,-0.0003629052257812726
-0.0002727272727272728,0.01,-7.480808609893192e-07,-0.00036287952683609524
-0.0001363636363636363,0.01,-3.742988446471402e-07,-0.0003628641429325481
0.0,0.01,-3.456143995094749e-13,-0.00036285902096404126
0.0001363636363636363,0.01,3.7429814960931513e-07,-0.0003628641431052574
0.0002727272727272728,0.01,7.480801545400508e-07,-0.00036287952718062146
0.0004090909090909091,0.01,1.1208294359531531e-06,-0.00036290522629583706
0.0005454545454545456,0.01,1.4920302938695483e-06,-0.0003629413277394522
0.0006818181818181819,0.01,1.8611678941450615e-06,-0.0003629879511752086
0.0008181818181818182,0.01,2.227728677783949e-06,-0.00036304524615922526
0.0009545454545454544,0.01,2.5912008685632384e-06,-0.00036311338902859534
0.0010909090909090912,0.01,2.9510750973109964e-06,-0.00036319257921941785
0.0012272727272727275,0.01,3.306845157323351e-06,-0.00036328303508246124
0.0013636363636363637,0.01,3.658008901080828e-06,-0.00036338498927324195
0.0015,0.01,4.004069283742424e-06,-0.00036349868380024654
0.002,0.01,5.221451978637752e-06,-0.0003640199542171157
0.003,0.01,7.3410718274523515e-06,-0.0003655869125412262
